timestamp,vibration_x_mm_s,vibration_y_mm_s,temperature_C,pressure_bar,flow_rate_L_min,rpm,current_A,machine_id
2024-01-01 00:00:00,2.1457075619631647,1.695714330256226,60.00200977013173,4.231077936068123,120.66506462619529,1452.6816278095532,14.533636949041716,PUMP-A01
2024-01-01 00:06:00,2.067848662885538,1.8776132408230068,62.259529720335976,4.059214743384363,118.37608252176527,1440.4946379281425,14.65549128275355,PUMP-A01
2024-01-01 00:12:00,2.4480890650347296,2.0561503266382664,56.42388550129894,4.260143717266836,121.34494964410263,1448.200599121167,14.52997954269171,PUMP-A01
2024-01-01 00:18:00,2.565134995516381,1.9221799785106342,58.02375171144391,4.210289727399301,118.4972480856885,1454.4981532655654,14.54927601617628,PUMP-A01
2024-01-01 00:24:00,2.188077401919483,1.802658817835981,58.41974151173346,4.390956143965914,118.93688263026692,1439.9169111372573,14.539763894282428,PUMP-A01
2024-01-01 00:30:00,2.304671092131975,2.0409301768659804,59.70550524962681,4.111989155702056,118.08704285035559,1442.9991597035412,14.786232483721003,PUMP-A01
2024-01-01 00:36:00,2.4991290334438516,1.9634461529446054,59.91850789614446,4.19178703271675,122.57225657706358,1446.5261716640148,14.585459407133166,PUMP-A01
2024-01-01 00:42:00,2.3751311115649285,2.0496902973300735,58.08942544665516,4.343863016073845,121.23177294177412,1435.7118456577373,14.606561297078802,PUMP-A01
2024-01-01 00:48:00,2.3309610671021677,2.089673044310112,58.922635455685075,4.295311171223314,121.1699065910371,1445.7743901720125,14.59662418188881,PUMP-A01
2024-01-01 00:54:00,2.0934926856460097,1.8928265953256995,59.1590283746577,4.144303035873608,122.44933266192419,1451.187965399029,14.769475133553444,PUMP-A01
2024-01-01 01:00:00,2.2293914021213297,1.8910857290080878,64.18630020947951,4.217917394269876,125.57519829607664,1446.0045105841157,14.668889773400467,PUMP-A01
2024-01-01 01:06:00,2.090430416307913,2.120137219788628,63.252599955254595,4.200159948513207,116.52643757173881,1447.2862350706828,14.775747969679994,PUMP-A01
2024-01-01 01:12:00,1.8723524093191748,1.9675585323130536,59.982130650477174,4.222556469391533,118.46312659776483,1449.8009832909343,14.58997747174837,PUMP-A01
2024-01-01 01:18:00,1.9435659496223412,1.6823204455578666,60.10408736931681,4.1441055651212135,118.70251957112991,1443.4425653756768,14.534450402329584,PUMP-A01
2024-01-01 01:24:00,1.7886291048490934,2.037315080182747,58.97529863051614,4.192854367783942,118.22822047467349,1456.9106256586688,14.666865535817251,PUMP-A01
2024-01-01 01:30:00,1.5711239669977821,1.923771326719444,57.88648113762389,4.072155809977863,117.76968320419137,1464.3597812480177,14.603661097537005,PUMP-A01
2024-01-01 01:36:00,1.776154411965057,1.7501354291484472,60.622853441593854,4.210809876149447,119.32053355124799,1445.3561960780455,14.740572050047225,PUMP-A01
2024-01-01 01:42:00,1.6350956826037129,1.6212209142357088,59.35081257315396,4.236001653873747,117.48162222873984,1454.8519823147772,14.763827022673498,PUMP-A01
2024-01-01 01:48:00,2.000335703824372,1.82371597461496,60.76964647894151,4.18180644698849,120.57990437435338,1447.6038284456536,14.641772053272122,PUMP-A01
2024-01-01 01:54:00,1.973463656455058,1.7122433603475562,58.54585517996153,4.070795928753217,120.00820626209571,1453.6548734503851,14.791407707225652,PUMP-A01
2024-01-01 02:00:00,2.0773071338675937,1.907748127435833,59.85234894794901,4.279082549028117,120.86185692872571,1465.6577953120325,14.665903901903322,PUMP-A01
2024-01-01 02:06:00,2.1264860338612075,1.6301098537808791,61.26729803070704,4.229162003039424,120.91024648243481,1455.086595430181,14.581276118015893,PUMP-A01
2024-01-01 02:12:00,2.5229547899881117,1.591898876830638,61.64261368290607,4.1419187921839224,121.0957932659716,1432.2658546119033,14.646692654603282,PUMP-A01
2024-01-01 02:18:00,2.4037978499379724,1.500086743322364,61.76833935517516,4.177551964252955,119.13795166543038,1454.5399563144697,14.511193087720878,PUMP-A01
2024-01-01 02:24:00,2.4179976181509115,1.6028294108739565,59.21011540124949,4.079946447777453,124.12204632430542,1462.32863743309,14.74120034807892,PUMP-A01
2024-01-01 02:30:00,2.4471304224417407,1.5750236014724794,62.52147537145151,4.117967189777768,120.3436117319622,1447.784038300019,14.530430515256326,PUMP-A01
2024-01-01 02:36:00,2.558194787588172,1.6560871342746852,60.08760268920203,4.156975092291429,116.14476997370832,1459.9563480611782,14.592624546550901,PUMP-A01
2024-01-01 02:42:00,2.4743802375582726,1.4596491602409942,62.285551256213154,4.298273664982412,117.8599779673854,1443.0988445884805,14.669594964101483,PUMP-A01
2024-01-01 02:48:00,2.391283160566262,1.4961670788773294,61.36851635814282,4.148839728729002,116.37871346082213,1435.1446084047773,14.51289253769407,PUMP-A01
2024-01-01 02:54:00,2.2812640708177425,1.5260798005966252,59.367964111491226,4.251217092746301,119.88937867714029,1451.4116901883265,14.523795069754435,PUMP-A01
2024-01-01 03:00:00,2.413692657069554,1.7213223255126893,61.00617596219999,4.156934703771074,119.60608895069093,1432.435232792537,14.708834907283904,PUMP-A01
2024-01-01 03:06:00,1.9080302887909604,1.8552585273106486,62.07629665115246,4.219835804868151,118.90783798295861,1447.6022898710642,14.52153312791823,PUMP-A01
2024-01-01 03:12:00,1.7815781034808418,1.6738499782159222,62.49532419079449,4.188688359828496,123.86153158351846,1462.868422626455,14.643124859874213,PUMP-A01
2024-01-01 03:18:00,1.6495127379810863,1.7339236757273202,61.411861137406966,4.26984452800742,120.93263508683118,1430.9023709425371,14.601608690026225,PUMP-A01
2024-01-01 03:24:00,1.809415777916264,1.8791086640411327,63.96831519874107,4.157215092942516,121.28185604152993,1437.205032040861,14.568423822386926,PUMP-A01
2024-01-01 03:30:00,1.8694429501542613,1.8669777191398007,63.22904916503346,4.074197739999805,117.962502322713,1439.6796775483842,14.5566336693591,PUMP-A01
2024-01-01 03:36:00,1.7053842639618375,2.062334103352171,61.37976551363019,4.08944407749091,117.82134949589509,1449.3668014028904,14.729023388119774,PUMP-A01
2024-01-01 03:42:00,1.6559338663600127,1.7242258917424613,62.936715904903025,4.15744980048458,119.88824025671094,1446.3428321435379,14.785462657945084,PUMP-A01
2024-01-01 03:48:00,1.7490222129580992,1.9346704051200074,64.75882803435783,4.100075202345756,120.15563351778141,1463.991363816961,14.542053922661,PUMP-A01
2024-01-01 03:54:00,2.0833591575958827,1.9711026145859785,64.84528276991742,4.232816961254365,116.09198608420796,1459.543483290917,14.787904365752238,PUMP-A01
2024-01-01 04:00:00,2.221560303968572,1.808242372120196,60.10878289157554,4.162738546811354,119.43898515269773,1454.952729460686,14.678428751042532,PUMP-A01
2024-01-01 04:06:00,2.3148573995265633,1.9825444120143425,60.607014030847125,4.389968524002115,119.82273334410372,1451.4563031434388,14.692498121608978,PUMP-A01
2024-01-01 04:12:00,2.2437613533910183,1.9892527578067514,64.27002238163675,4.06098283238903,119.35928082677437,1453.9322977698482,14.712977913442774,PUMP-A01
2024-01-01 04:18:00,2.464676614244638,2.065192262774223,60.50084804701298,4.216290654296785,118.1577883135832,1441.3801764468662,14.711235667106374,PUMP-A01
2024-01-01 04:24:00,2.501203170736917,2.202843582976809,60.14987368203678,4.109763758119547,118.7004887543942,1458.5721035355662,14.745943332455706,PUMP-A01
2024-01-01 04:30:00,2.532642771180947,2.010265442784861,61.44959572184334,4.160527892769386,119.4208307110508,1438.879557456408,14.645040595404309,PUMP-A01
2024-01-01 04:36:00,2.6073981779358593,1.8778356308826787,62.854209756983515,4.211313557867244,119.95113912537641,1458.3537699390224,14.66000757625441,PUMP-A01
2024-01-01 04:42:00,2.45004842245001,1.949391313566455,62.1150341304099,4.013970290010057,120.97411222321738,1461.8614250211883,14.597148100739025,PUMP-A01
2024-01-01 04:48:00,2.42706596537189,2.0312627572993733,61.33731548607846,4.218946089343042,121.92123144797789,1452.1086460208808,14.531577278134936,PUMP-A01
2024-01-01 04:54:00,2.221950933524482,1.7336355000056567,61.346141708264255,4.352232596981934,119.16581357098157,1448.2378694103802,14.699392057277866,PUMP-A01
2024-01-01 05:00:00,2.1307784355160635,1.685065151633665,61.3330175985157,4.163724936130513,118.83718660576527,1454.0030990830967,14.510082990755876,PUMP-A01
2024-01-01 05:06:00,2.058937460974143,1.8051451114621475,61.12608043262913,4.220784628544441,120.61980032502453,1421.3848162989932,14.58269051532501,PUMP-A01
2024-01-01 05:12:00,1.6358461502223591,1.6575209268520803,65.9113703585008,4.281993735450032,120.96116879073755,1453.0225821848546,14.52826895933383,PUMP-A01
2024-01-01 05:18:00,1.7207789130119975,1.7119114998512865,62.97851392775762,4.186883719997841,118.86606807135797,1448.8664600216018,14.557218147196815,PUMP-A01
2024-01-01 05:24:00,1.6450398471987269,1.588580366244613,63.90545794242829,4.153523184917481,121.31024587176802,1449.49371886943,14.691619273869215,PUMP-A01
2024-01-01 05:30:00,1.6044081014819123,1.6378836231844491,61.88451663548557,4.01794108770226,121.68361958010755,1457.0653251289782,14.688542989061476,PUMP-A01
2024-01-01 05:36:00,1.68289948771459,1.4017013878260753,62.38174843723991,4.251279257551598,122.30281180907285,1449.2523107843526,14.626316473898713,PUMP-A01
2024-01-01 05:42:00,2.0092782238812066,1.5064359673779866,61.63263596273349,4.190946527221689,123.27107067115507,1438.5979314334884,14.527051592946847,PUMP-A01
2024-01-01 05:48:00,1.7469820028380323,1.474968361482322,58.76741653531835,4.118985291888947,117.97658656035647,1448.5859732917463,14.630012174937823,PUMP-A01
2024-01-01 05:54:00,2.135847799502365,1.3573705180790285,60.71970162844118,4.210127736822216,119.73220523630029,1450.6755548408082,14.605823461557488,PUMP-A01
2024-01-01 06:00:00,1.8626758055395372,1.3292399332133087,60.11224424250556,4.153305571455506,119.72195419083252,1451.14933911581,14.716137745856784,PUMP-A01
2024-01-01 06:06:00,2.1878891511171275,1.6227976238174227,59.49466936478964,4.157725909510758,119.4982416404901,1451.6191936728508,14.673707982459716,PUMP-A01
2024-01-01 06:12:00,2.371976369886377,1.5312733205124118,61.117191256227514,4.248503292488697,118.39085291829475,1460.3936904491854,14.6474697302011,PUMP-A01
2024-01-01 06:18:00,2.520608612530595,1.4916538086118505,64.93825573458415,4.0929294070940925,116.71324473101281,1439.1396544696586,14.646094624691498,PUMP-A01
2024-01-01 06:24:00,2.5917769604111793,1.6503296597459862,62.924464198170114,4.283785222885901,119.86471760949287,1451.7570045616485,14.789889066178125,PUMP-A01
2024-01-01 06:30:00,2.618667201005455,1.84968994244855,64.96696001804467,4.088185106950528,118.13763737829896,1462.8992969861824,14.726888266511034,PUMP-A01
2024-01-01 06:36:00,2.4226508305029353,1.4961428104113668,63.687279839766454,4.146983887331579,119.84132563884997,1432.653885030628,14.649093868138038,PUMP-A01
2024-01-01 06:42:00,2.3440516024893108,1.6468113958204365,64.28402750280505,4.353835695525326,118.07624157391692,1451.7964668078005,14.643766783866694,PUMP-A01
2024-01-01 06:48:00,2.4497452662337067,1.771299092237336,61.79791479696092,4.290188380931394,117.46000194558587,1444.1462149802696,14.507943730391489,PUMP-A01
2024-01-01 06:54:00,2.1782738495266956,2.110106228125346,63.97394156001541,4.207808319399636,120.12290533798826,1446.2928961552689,14.782752778995942,PUMP-A01
2024-01-01 07:00:00,1.8910245819853004,2.0166012950635577,64.31952124076982,4.124757582759903,119.95114165080739,1440.9519249678558,14.595752191530199,PUMP-A01
2024-01-01 07:06:00,1.7895243542642636,2.1161972159758227,62.39958977549895,4.157658215464009,120.80285251979618,1448.3044928429956,14.576781724564222,PUMP-A01
2024-01-01 07:12:00,1.7125456262483145,1.9207568354026716,64.14165433088364,4.205862025166856,124.01100608994948,1468.412556144269,14.799822677616302,PUMP-A01
2024-01-01 07:18:00,1.840507176630458,1.9475275759185926,64.18907691741722,4.203001858587168,120.18884759949584,1437.355696388228,14.715606901451357,PUMP-A01
2024-01-01 07:24:00,1.7355974319886076,2.1498798675143993,62.5525825357964,4.192730325629923,120.59942205116234,1438.3038999752118,14.514209131989787,PUMP-A01
2024-01-01 07:30:00,1.804018634337265,2.10687253096595,61.72953596388384,4.197533398873265,117.46912583925933,1436.980654298365,14.518565643107673,PUMP-A01
2024-01-01 07:36:00,1.6618369571221212,2.1587997799492276,61.673930523665284,4.182849991223591,117.04542359588116,1467.274182866281,14.507650469188059,PUMP-A01
2024-01-01 07:42:00,1.8119476059947945,2.0530826608937733,63.61596935001288,4.084641701148799,122.77988735046048,1445.3766029447872,14.67988566985386,PUMP-A01
2024-01-01 07:48:00,1.9748928824556686,2.0818300505753604,64.0124638390784,4.158679140627133,117.76225887700714,1449.7436093965232,14.521469350018586,PUMP-A01
2024-01-01 07:54:00,1.949057216125722,2.0314399456377292,62.368544684009024,4.273169924318948,117.51632027389638,1445.9721705889376,14.78001650705348,PUMP-A01
2024-01-01 08:00:00,2.188654254883623,2.0622537848735205,63.63223867791821,4.0905332561959105,119.52100055436047,1440.5557712159691,14.781071962006804,PUMP-A01
2024-01-01 08:06:00,2.143548762233671,2.0162106622485894,64.48283278205444,4.184835559076858,119.41380354999873,1447.6484935338556,14.663816220024424,PUMP-A01
2024-01-01 08:12:00,2.297041683799036,1.6711873539701234,64.58861570691138,4.134419685698333,117.78416534382684,1474.5824360573656,14.684991679418784,PUMP-A01
2024-01-01 08:18:00,2.378184681726111,1.539769879074673,66.02308462333882,4.2089080343518495,118.97422189924714,1463.9207092097427,14.587568320457574,PUMP-A01
2024-01-01 08:24:00,2.3070486460646595,1.8731858365518552,65.64429949380168,4.168909345514654,122.03790975193348,1441.4706218220772,14.519191762722482,PUMP-A01
2024-01-01 08:30:00,2.572473256939296,1.8407101815152038,62.260080523009265,4.318191493197974,117.96216107892958,1456.4757410306167,14.721238133557545,PUMP-A01
2024-01-01 08:36:00,2.4027655223890694,1.5245365294257893,66.32020870515001,4.2405266523352205,116.78179330782076,1441.6847722733362,14.530535796624704,PUMP-A01
2024-01-01 08:42:00,2.4121240817164153,1.3781005450236363,63.03079535045926,4.095055746737823,121.44931549831261,1432.2363236115377,14.525667292305519,PUMP-A01
2024-01-01 08:48:00,2.388945789790909,1.5745023609205089,65.42661578411958,4.253698240929096,120.54371206034901,1460.1951091766464,14.593366932761267,PUMP-A01
2024-01-01 08:54:00,2.2690876403281712,1.6440991656889068,63.9929454868789,4.138027851499035,118.31307097513555,1461.6009284664356,14.503739697951364,PUMP-A01
2024-01-01 09:00:00,2.1771550955620556,1.7274081516991024,63.304009808127034,4.153840290289797,116.38476416413896,1460.460522510479,14.630210684726896,PUMP-A01
2024-01-01 09:06:00,1.9400400957811608,1.5632048865522805,61.241563120454714,4.22510552160857,118.05484146347557,1445.3013475078042,14.712304273024023,PUMP-A01
2024-01-01 09:12:00,1.7830522310915988,1.4568212746430051,63.72623928557715,4.160660206421589,119.42966928261409,1448.3322426599802,14.740404679426582,PUMP-A01
2024-01-01 09:18:00,1.7512317676289924,1.4050491008854606,61.67458888524157,4.271428465305837,121.86541231604019,1457.4976555365813,14.681292191139676,PUMP-A01
2024-01-01 09:24:00,1.4598323941083815,1.534631787840354,65.49428730596546,4.138039195078928,117.45589416649315,1453.914960373481,14.754062260934173,PUMP-A01
2024-01-01 09:30:00,1.4836483602401016,1.527866005930804,66.34779619926243,4.150484275792691,119.35500833316944,1446.0636252870295,14.621950661130134,PUMP-A01
2024-01-01 09:36:00,1.5293332486862297,1.4808915235005236,62.906100599717476,4.1474903285161515,120.8693273959421,1433.8092817988183,14.754631625518144,PUMP-A01
2024-01-01 09:42:00,1.641758692989065,1.8944896730945566,64.58287127876561,4.154748900131597,114.75149337586838,1451.1387519414202,14.651941993149514,PUMP-A01
2024-01-01 09:48:00,1.9452528233084798,1.9141820137880674,63.06986131831648,4.287935324443826,121.57659037194995,1460.7900963923612,14.566910838399489,PUMP-A01
2024-01-01 09:54:00,1.8645070639850898,1.891168536986447,63.242837482915334,4.250303703488824,117.13910687161919,1438.0241171096584,14.78324369399814,PUMP-A01
2024-01-01 10:00:00,2.0684420913352457,1.7008276557243356,65.37450237850692,4.336795516320966,120.16298898290586,1456.3875938167598,14.582491262151136,PUMP-A01
2024-01-01 10:06:00,2.4424149996258744,1.9700160650042675,64.18172571186571,4.381411536311941,119.9873542751734,1453.3154169513368,14.507860445256338,PUMP-A01
2024-01-01 10:12:00,2.301956641725392,1.997855239394781,66.8753522987859,4.117542637445413,121.65815073883951,1457.5014826323234,14.572802212886508,PUMP-A01
2024-01-01 10:18:00,2.5487896208658234,2.0235846784206477,63.5684503531686,4.205633530186184,120.58581669765883,1458.71975499719,14.610006268377228,PUMP-A01
2024-01-01 10:24:00,2.3476522946248375,2.1637547002103212,65.81629150708288,4.105903974668526,114.7243769323717,1443.0553475807465,14.605404904986779,PUMP-A01
2024-01-01 10:30:00,2.468310692970507,2.125750984263381,64.48846160777241,4.1377915257801385,117.9043894014796,1433.8304059983504,14.657400252833071,PUMP-A01
2024-01-01 10:36:00,2.328829682044665,2.165145487723076,65.5606270102542,4.149593399179547,119.74534813445807,1444.6648047431713,14.764938064610776,PUMP-A01
2024-01-01 10:42:00,2.35619140641947,2.169781090038018,63.72040357257549,4.115427610068938,119.07396808347184,1458.89127317527,14.58770146813291,PUMP-A01
2024-01-01 10:48:00,2.438630540541864,2.1408221392756572,64.34054099311896,4.115849018168127,120.41413929518488,1444.5799609647404,14.656231182387751,PUMP-A01
2024-01-01 10:54:00,1.9381321773891202,1.8818010981747175,64.26492686589386,4.18845724971838,121.03264092697069,1443.0595667614236,14.602041686106544,PUMP-A01
2024-01-01 11:00:00,2.1374842659488094,2.0912542227944173,63.20693985356906,4.1026625265290875,120.66580126845054,1431.7864965807537,14.74653191781196,PUMP-A01
2024-01-01 11:06:00,1.985791759604976,1.9898597199953145,65.47655028012294,4.267370156731011,119.01533789044217,1467.5264755455094,14.547280453986543,PUMP-A01
2024-01-01 11:12:00,1.7535481770357983,1.8692782591518633,65.4807538012331,4.126579717006599,115.74620373327005,1458.2571364142532,14.531053080493017,PUMP-A01
2024-01-01 11:18:00,1.543590655013993,2.1830071096849206,65.41721230802152,4.424765517607711,118.52290523776131,1457.6989598127477,14.650898575971281,PUMP-A01
2024-01-01 11:24:00,1.7225123406410938,2.1405541073431653,66.85337421891451,4.163889243922848,120.26159401170878,1459.6772538677947,14.701566275729647,PUMP-A01
2024-01-01 11:30:00,1.6216240292761994,2.0433335957296768,66.74253179887157,4.205761411353365,117.24295319028982,1455.767083615434,14.73865756032723,PUMP-A01
2024-01-01 11:36:00,1.7645119790064971,1.8551517364980517,64.02622774069776,4.096372705242717,120.68138713559385,1447.5567114482046,14.676887455871595,PUMP-A01
2024-01-01 11:42:00,1.797851539387321,1.9300278180266983,65.16789272997514,4.336487340650211,121.23061424984523,1448.362358958778,14.7321549283957,PUMP-A01
2024-01-01 11:48:00,2.1298199306873364,1.7139656913972983,63.69212001886439,4.289560054464234,119.66255158786223,1445.7243563540787,14.617813017568277,PUMP-A01
2024-01-01 11:54:00,1.9693111057374977,1.6845329327241252,64.68129622255705,4.223753269658889,113.27624788260567,1476.34740754415,14.509860301079941,PUMP-A01
2024-01-01 12:00:00,1.9766663657170453,1.48163103740598,63.764914783822896,4.092255796097635,116.84262086976678,1455.5591203129945,14.534829792370466,PUMP-A01
2024-01-01 12:06:00,2.279091811482931,1.619793388293287,67.11245180891586,4.21685335021797,123.16616589226246,1445.3619955864856,14.5116167803687,PUMP-A01
2024-01-01 12:12:00,2.392251724751428,1.5468114028667026,65.24523084916322,4.11028551631862,118.29570196905347,1454.6549677416629,14.598683095142947,PUMP-A01
2024-01-01 12:18:00,2.644703727668068,1.359920438663487,64.38950535998652,4.316988421077869,115.41548108881214,1439.8913108214367,14.648647402380604,PUMP-A01
2024-01-01 12:24:00,2.614170520090952,1.4968612368031107,66.5233687951843,4.264735578548254,121.8492522916506,1465.0450671858923,14.606895245097082,PUMP-A01
2024-01-01 12:30:00,2.5522926478167762,1.490766825757508,61.492934518974195,4.207635123079019,119.40045867807733,1443.3893090419285,14.668179842519917,PUMP-A01
2024-01-01 12:36:00,2.6889266677886066,1.7240294650945327,61.74314365060586,4.005089946940214,121.57861845286534,1455.0108543262247,14.644182744547836,PUMP-A01
2024-01-01 12:42:00,2.225479632847004,1.633989642679732,65.97301709776634,4.121326721707278,119.91764480534854,1460.6597762974313,14.703382840559183,PUMP-A01
2024-01-01 12:48:00,2.21233841477031,1.5561404985047562,64.88444351979476,4.25502089052799,120.27583570729408,1453.8476854420499,14.700088649069022,PUMP-A01
2024-01-01 12:54:00,2.053350711220219,1.6214267760589536,65.1834107373698,4.2970306953378525,120.07972591025869,1450.9446999181964,14.595419244132604,PUMP-A01
2024-01-01 13:00:00,2.008827027559506,1.6410962278929309,62.831664872389496,4.28873358491937,120.74367401863158,1450.10802084856,14.603864336608327,PUMP-A01
2024-01-01 13:06:00,1.7389707588529235,1.6614999721449222,64.79944214532313,4.072638959820684,123.89854827186169,1449.435589031129,14.67554434649239,PUMP-A01
2024-01-01 13:12:00,1.934107803216685,1.6100773032094917,67.8521051466881,4.224124184545032,121.2806900266278,1444.2330151107249,14.678929740367252,PUMP-A01
2024-01-01 13:18:00,1.7245295886922372,1.7780964083876316,66.09520215566751,4.281241217318635,116.17298869897827,1445.505165702303,14.594409974091139,PUMP-A01
2024-01-01 13:24:00,1.48989388978804,1.7630792600643628,65.12503640297722,4.06733315475342,120.22198034518706,1464.7959037365094,14.599095365732628,PUMP-A01
2024-01-01 13:30:00,1.5491070298939003,1.7570903753744738,64.22298058177687,4.199367638770141,121.60660883079561,1448.9146336731485,14.708213503955845,PUMP-A01
2024-01-01 13:36:00,1.7785687046287886,2.019181795003805,64.30029692025931,4.221907391864677,121.72403888762139,1442.1420373061724,14.69422324686282,PUMP-A01
2024-01-01 13:42:00,1.9235691270222486,2.049880117712241,61.7084629411335,4.175938833212261,118.46041728839081,1444.837024031385,14.540515241403932,PUMP-A01
2024-01-01 13:48:00,2.193362503763876,1.8263990440897835,65.2983317945236,4.051827051567904,121.6385061248452,1461.0037068069723,14.632312563902618,PUMP-A01
2024-01-01 13:54:00,2.447194375116308,2.0553926528320288,66.18921406042433,4.173944151194102,121.15909201353126,1456.756066331645,14.767811823613178,PUMP-A01
2024-01-01 14:00:00,2.197372133136513,2.2093026109852527,62.56618457238258,4.1738155655795985,124.44363206832824,1455.6032917823225,14.510891702831342,PUMP-A01
2024-01-01 14:06:00,2.10841532887346,2.226320896940731,63.94561745512317,4.18815420763618,117.79358370185167,1447.4247880109021,14.756549183945264,PUMP-A01
2024-01-01 14:12:00,2.043260161639661,2.221067865915441,63.209179324508405,4.154922285965995,118.27377600150776,1455.7336247017295,14.548953447119244,PUMP-A01
2024-01-01 14:18:00,2.483591580282001,2.0907925571947104,63.50448644234669,4.164559027740683,118.67132903734863,1443.5643887504934,14.652174589738514,PUMP-A01
2024-01-01 14:24:00,2.3681098966757257,1.9626964664752706,65.03937540236659,4.196823497412242,118.29811281415091,1447.4038596865423,14.627300928676904,PUMP-A01
2024-01-01 14:30:00,2.436030840439572,1.90264361364748,61.838691556466486,4.235396368397577,117.49350559466117,1459.6980448739175,14.503038801202438,PUMP-A01
2024-01-01 14:36:00,2.3756563865479454,2.0343495857773055,65.89234375590016,4.175645858971467,113.74318606280082,1458.7427767891907,14.77461908112689,PUMP-A01
2024-01-01 14:42:00,2.379375016150088,1.9919557620334383,66.10686492869003,4.16722808573056,118.39412810666194,1440.180901540492,14.636477568200291,PUMP-A01
2024-01-01 14:48:00,2.4638819789282933,2.04915851389743,64.6040730666866,4.207388323060357,119.99723315346795,1441.4447354709143,14.786280483028184,PUMP-A01
2024-01-01 14:54:00,2.210986609512982,1.9715455016387202,61.26380874192305,4.0463267259283855,118.26706332301625,1451.087021528134,14.586023170293766,PUMP-A01
2024-01-01 15:00:00,2.0384862357569036,1.7671430581283625,63.4938876431445,4.238162810178117,123.11925936104619,1467.261323746695,14.759882732024792,PUMP-A01
2024-01-01 15:06:00,1.7854923791891246,1.5777726138857182,66.84101170977418,4.199954952230163,119.27023859937962,1430.84434835531,14.776716872198689,PUMP-A01
2024-01-01 15:12:00,1.5838386167064948,1.6354450060048573,60.82730944964209,4.203175482127805,121.82053506427609,1452.783329395705,14.667049724911234,PUMP-A01
2024-01-01 15:18:00,1.6823347111371856,1.6509568128314052,64.47515638493824,4.276858744607558,119.75630775932767,1436.2395666842685,14.560803336360316,PUMP-A01
2024-01-01 15:24:00,1.7013311217965423,1.5580185580078312,63.22807932347968,4.0437747575961405,120.88127153361417,1443.6566900647445,14.705574229631717,PUMP-A01
2024-01-01 15:30:00,1.967092524681367,1.4780448314793955,66.20607312241339,4.042093290411283,119.7819300016547,1446.3557158193576,14.664693419958837,PUMP-A01
2024-01-01 15:36:00,1.753072303220862,1.5518464350854482,63.987181997406815,4.2219043076258815,121.95600613755462,1445.7949165656312,14.783358899755788,PUMP-A01
2024-01-01 15:42:00,1.948585397159491,1.4450389183279895,65.60591722526173,4.199430651589719,119.32530555397221,1444.6620406034078,14.631781618543148,PUMP-A01
2024-01-01 15:48:00,1.8232909868737441,1.4246335563319634,65.84780809101849,4.213614155455355,120.2006582498449,1450.0720706037637,14.580554094291946,PUMP-A01
2024-01-01 15:54:00,1.8372882464376254,1.5425335739161086,67.75308552655746,4.163029833986204,119.93607268092734,1444.6474443336942,14.541486100448232,PUMP-A01
2024-01-01 16:00:00,1.995457349857148,1.4725645332890378,64.69296128015611,4.253148293939194,118.62182587733254,1435.3754261514584,14.709590070606003,PUMP-A01
2024-01-01 16:06:00,2.152682850659679,1.5756708124805823,65.55956644062566,4.27461110743929,120.00335141139644,1457.7986961252277,14.792232885694174,PUMP-A01
2024-01-01 16:12:00,2.6861107372000674,1.6137580266962115,62.76554080802032,4.238718583516122,123.65714924590237,1457.5287216714887,14.50850313117142,PUMP-A01
2024-01-01 16:18:00,2.3227816786703914,1.4866274806211905,66.77586720070614,4.1791337233276336,118.64257284927605,1458.4317431002266,14.722133606433438,PUMP-A01
2024-01-01 16:24:00,2.6169098286049217,1.6142780705673645,63.84610539011589,4.031384848990848,120.01728649913335,1434.5926550373592,14.7780791087679,PUMP-A01
2024-01-01 16:30:00,2.362404639291594,1.8977799245067999,64.14185853912392,4.26153889664297,121.68890459512566,1452.9891815258416,14.522434460268205,PUMP-A01
2024-01-01 16:36:00,2.6051882699165336,1.6416756026410204,64.94523892203017,4.2977382932974075,121.44884323523524,1456.7597885580692,14.53305101353184,PUMP-A01
2024-01-01 16:42:00,2.4548882103407674,1.5836763885931195,62.62940507102886,4.251564672958718,119.18675948874534,1439.6879793156043,14.707587129534913,PUMP-A01
2024-01-01 16:48:00,2.276140718469218,1.669463290727108,65.31150824270881,4.129628605810599,114.39153922735181,1450.0917324818213,14.694389012768736,PUMP-A01
2024-01-01 16:54:00,2.1763933059473626,1.9482840399527823,66.41367539451407,4.253903551493421,120.18671225052339,1448.8373335468964,14.520648224594874,PUMP-A01
2024-01-01 17:00:00,1.9590522503687646,1.9952572514023785,65.3955012717925,4.268842376636916,114.70934807594027,1468.4215065856827,14.750326825645347,PUMP-A01
2024-01-01 17:06:00,2.0031432674347904,2.0173774095020205,62.56588114740467,4.324705299823927,122.08316103502877,1469.2449603701257,14.657027154353468,PUMP-A01
2024-01-01 17:12:00,1.7630414415285927,2.208903548351703,64.75614360506664,4.129911206061764,119.47722429549273,1433.356436066698,14.772159212000984,PUMP-A01
2024-01-01 17:18:00,1.5689125907092765,1.764809378190816,66.04703478962628,4.1818836332364695,121.13261457281011,1474.9392700572798,14.763397264297812,PUMP-A01
2024-01-01 17:24:00,1.516653466692239,2.1452541186926486,62.1086468002721,4.259781764091477,117.32403423666395,1440.8477427884668,14.743752330715049,PUMP-A01
2024-01-01 17:30:00,1.7283134872068528,2.2867173292044174,63.304624907522545,4.204592805715053,116.01823154638586,1459.8067329432743,14.654769668873326,PUMP-A01
2024-01-01 17:36:00,1.9724424128057287,1.95496688881143,66.22223966751147,4.110613791835898,119.63974524122823,1459.7049798086373,14.575513192524829,PUMP-A01
2024-01-01 17:42:00,1.828544918542521,2.0253544548175157,65.30272503864711,4.233169302802136,119.04601957299353,1440.0430977315818,14.65179265117334,PUMP-A01
2024-01-01 17:48:00,1.88475403111634,1.9515785952449145,65.5052051675031,4.246292930705214,118.1251347805514,1454.932677938391,14.530243413340534,PUMP-A01
2024-01-01 17:54:00,2.0628320101351636,1.8969938707905167,67.66566523125626,4.207037031706481,119.27252897429118,1448.9246625573394,14.697653844542028,PUMP-A01
2024-01-01 18:00:00,2.3411328940385796,1.9202867993396764,65.56793781844671,4.217566794174395,124.63306817685009,1455.543300046324,14.540193165768702,PUMP-A01
2024-01-01 18:06:00,2.2989692492378544,2.080188545198961,65.84013783852785,4.179303527865142,120.7622374674836,1452.3067230238062,14.653351888750217,PUMP-A01
2024-01-01 18:12:00,2.3089320600686096,2.0749558595172424,68.90713401222904,4.318262314857285,121.18717356443206,1461.9633948537025,14.516314592250046,PUMP-A01
2024-01-01 18:18:00,2.6144329517076454,1.7577985724141105,64.50753274305269,4.127944625302986,120.77104011577204,1450.7539954314607,14.589853747082394,PUMP-A01
2024-01-01 18:24:00,2.556473288106759,1.9704275025770945,63.61815453654022,4.153014338978898,122.03708060032965,1448.321259305737,14.569624138200936,PUMP-A01
2024-01-01 18:30:00,2.727653325158349,1.6918677416795056,65.44292895550981,4.200878841082202,118.69300294678368,1460.9606423305718,14.686009462813502,PUMP-A01
2024-01-01 18:36:00,2.4908609544617635,1.8478175799878631,65.44549453272037,4.270316322216072,114.9586136571945,1455.803959648586,14.736036013606753,PUMP-A01
2024-01-01 18:42:00,2.210080015996745,1.5817390399283064,63.982227913875036,4.080210146392437,118.68595398649299,1457.318133943209,14.517190886362158,PUMP-A01
2024-01-01 18:48:00,2.090032330659308,1.57158676555839,63.20851934486561,4.095176260018765,120.68158765245794,1443.3541332774141,14.755085105546616,PUMP-A01
2024-01-01 18:54:00,2.425212153982209,1.5713250950582816,68.2062177636755,4.036981719381223,117.1135054221947,1439.5473721860153,14.75823030848638,PUMP-A01
2024-01-01 19:00:00,2.310815980740397,1.8902321273871148,65.21557654904942,4.202615618020261,118.69536429140612,1444.322778567473,14.602680722286406,PUMP-A01
2024-01-01 19:06:00,1.904722514869165,1.6025837303652808,63.61026906131627,4.110535534623477,117.65954668634006,1443.791786143194,14.697701219791096,PUMP-A01
2024-01-01 19:12:00,1.770101373403174,1.4178723797752546,66.06550562188848,4.169235991198567,122.04213465599088,1457.8619926865292,14.620783909511035,PUMP-A01
2024-01-01 19:18:00,1.9694977111355785,1.6319110901976144,64.51033443681199,4.2529102551913365,120.53198016307765,1459.7598405029405,14.546257264656889,PUMP-A01
2024-01-01 19:24:00,1.5412949440898274,1.4952128616508833,64.27670271382735,4.148676582337372,120.33113735351236,1448.448697104676,14.658598725568933,PUMP-A01
2024-01-01 19:30:00,1.568801542142027,1.5121602662209597,65.4809394437367,4.218502561819469,120.26624871842631,1464.3091901882435,14.525907902350479,PUMP-A01
2024-01-01 19:36:00,1.8341831201104128,1.7204073425992055,62.68074637636842,4.176052967379863,118.94353756704002,1463.6846939376512,14.763541646618796,PUMP-A01
2024-01-01 19:42:00,1.7487739568430025,1.662259198664375,65.12808652135955,4.253769145207715,119.40813861715921,1452.4339891640054,14.777286927822882,PUMP-A01
2024-01-01 19:48:00,1.9061772581738812,1.744143517068663,67.44869210794911,4.238010245387841,116.6376468709995,1441.7810822845695,14.74648394110342,PUMP-A01
2024-01-01 19:54:00,2.000382622465889,1.7677537520369173,65.25818081115847,4.144645304306032,114.63012205452291,1465.7537664943554,14.668758436226794,PUMP-A01
2024-01-01 20:00:00,2.2008694122792836,1.8630332174003958,63.97379286704512,4.186507859727964,119.29815825267401,1449.389826489716,14.667279577337636,PUMP-A01
2024-01-01 20:06:00,2.4817529386221047,1.9294015098795199,63.75619417894094,4.28349947181764,119.64096648448817,1451.2616519643097,14.795382212980279,PUMP-A01
2024-01-01 20:12:00,2.387846850350397,1.6989432621928522,63.87962972283742,4.2314701496203275,121.40650508875456,1446.6039497439342,14.574370506949355,PUMP-A01
2024-01-01 20:18:00,2.5475251774985708,2.0596689121233993,64.0920319353985,4.08824303537991,122.12563756402847,1441.102096737028,14.522784509771562,PUMP-A01
2024-01-01 20:24:00,2.1855952064457522,1.9037480372404856,63.88365333453773,4.252449444893711,122.11795288182154,1435.3136056968472,14.668582277080354,PUMP-A01
2024-01-01 20:30:00,2.4893653880405644,1.8825432972693723,65.80177065841707,4.1132311502051015,116.97689870519581,1456.328683235573,14.598635679343031,PUMP-A01
2024-01-01 20:36:00,2.3347571077658062,2.0735470101825073,61.803985702242855,4.313001045596881,118.26340580184396,1442.1659894610339,14.596701631842413,PUMP-A01
2024-01-01 20:42:00,2.2074866443303764,2.1055926404774894,65.67285314987082,4.281927907187282,119.92359444346616,1480.5953122899682,14.502125606250985,PUMP-A01
2024-01-01 20:48:00,2.1591222060137163,2.0167421015125573,63.78593726489576,4.223190838073473,124.02172518714768,1439.1392641738753,14.67887182286438,PUMP-A01
2024-01-01 20:54:00,2.1225074285065295,2.19346574579002,64.89606541903575,4.212578627474896,121.91310421905109,1437.4261752501864,14.579210110682684,PUMP-A01
2024-01-01 21:00:00,2.1846547898898403,1.9160124056147443,62.614903764870135,4.183277419517807,121.18669011557992,1455.1013871561345,14.556357564457805,PUMP-A01
2024-01-01 21:06:00,1.7281361398594728,2.0017169513804975,66.27264185784345,4.254281916112002,118.1673098604445,1465.2931347896729,14.512129579417902,PUMP-A01
2024-01-01 21:12:00,1.8285078944047928,1.9449307105712785,66.12202764226683,4.170337746443035,117.17147648919276,1450.6458965694321,14.609308472942683,PUMP-A01
2024-01-01 21:18:00,1.6752387105578717,1.9664394791794269,65.66641387457877,4.218845589651192,120.5106814982294,1455.7224242018729,14.763690661715938,PUMP-A01
2024-01-01 21:24:00,1.6572707782588547,1.956289386248311,61.92792441105298,4.269754749321557,116.72653318295413,1431.5645258254128,14.601001242279212,PUMP-A01
2024-01-01 21:30:00,1.8540725049549307,1.7483056728684607,65.41634498292653,4.155055476517953,118.44597298942216,1443.2248845430822,14.703722263035878,PUMP-A01
2024-01-01 21:36:00,1.8205642364419976,1.9001307734302555,64.75213387244678,4.150704580800745,118.68827977333883,1439.2638427086242,14.726964089020573,PUMP-A01
2024-01-01 21:42:00,2.012039290924495,1.764271075171522,61.708716090390226,4.104450761542044,122.09864982954822,1431.0495415005212,14.59843024275706,PUMP-A01
2024-01-01 21:48:00,1.888196052288294,1.47471085553906,64.05153529508836,4.114842180309906,118.19842102534317,1451.169802340239,14.746492220503612,PUMP-A01
2024-01-01 21:54:00,1.9254605404325105,1.4152417248139066,64.6057310791357,4.05372837508468,114.02430633407721,1427.5717237838958,14.707563897900085,PUMP-A01
2024-01-01 22:00:00,2.121647040370267,1.602648055744376,64.86358271318133,4.2583863031212426,119.90668488650729,1436.7780403391255,14.667772668610285,PUMP-A01
2024-01-01 22:06:00,2.311546910847352,1.5384306433238906,64.26549774949912,4.344713163366622,117.49474186493443,1444.628062059866,14.500297739215188,PUMP-A01
2024-01-01 22:12:00,2.4043896052576264,1.5217168463045627,64.40618715911138,4.314026315477625,118.9730375999777,1441.6871416404892,14.510527229776843,PUMP-A01
2024-01-01 22:18:00,2.2906652220467976,1.5094062536138286,66.14909293380346,4.069913240909879,118.70935612937787,1453.9640850220708,14.797259753231819,PUMP-A01
2024-01-01 22:24:00,2.5075933606838534,1.528684393737736,65.74666707738803,4.257988373724496,118.3303475193865,1453.0558019190248,14.734685177051068,PUMP-A01
2024-01-01 22:30:00,2.5302277292260325,1.6148008722380696,59.57558182285918,4.313768507993885,120.45342665455138,1458.9379874593546,14.781269577631884,PUMP-A01
2024-01-01 22:36:00,2.836671340266858,1.3778476818082042,63.368165293989264,4.163455201540907,115.80200571423647,1457.5238373271268,14.770690961475408,PUMP-A01
2024-01-01 22:42:00,2.6683475007099022,1.3909135398963846,63.565119486204324,4.208115794452004,117.82869700099309,1461.4081278936137,14.506132894942825,PUMP-A01
2024-01-01 22:48:00,2.1584171514209873,1.4302691404818084,61.15133833387862,4.039368555935627,120.22579125709647,1449.9808159999095,14.737554186937322,PUMP-A01
2024-01-01 22:54:00,2.1245599063535505,1.6345397920591496,63.88777148397997,4.221338893438132,117.62453586013291,1453.0346690081667,14.635343723203347,PUMP-A01
2024-01-01 23:00:00,1.8227647543529277,1.7947833379451545,65.58626810926062,4.114915221645223,115.63008197224163,1455.115137019192,14.736867461200196,PUMP-A01
2024-01-01 23:06:00,1.8339610593229718,1.6446478382000131,62.049541415526164,4.215970801432921,120.17979605725495,1451.4165669739102,14.502014735249016,PUMP-A01
2024-01-01 23:12:00,1.8676313922186156,1.4509079652680046,64.14988695480001,4.07510376622489,121.08386461158449,1446.0280569008294,14.58645979036017,PUMP-A01
2024-01-01 23:18:00,1.9263810563779282,1.6030749902027972,62.23707668468091,4.243428657958208,118.74267491537532,1446.6755746566023,14.72539713273739,PUMP-A01
2024-01-01 23:24:00,1.596191512684567,1.763763234714343,62.56810769214023,4.2819610140341355,114.90596411368217,1441.8244160167003,14.737906236580477,PUMP-A01
2024-01-01 23:30:00,1.6062479392851963,1.8507070686592537,65.7568709766872,4.137345611062787,120.23458478397879,1454.2161682990984,14.685914380364387,PUMP-A01
2024-01-01 23:36:00,1.4199734869318412,1.91835086208542,62.69139309738614,4.109046193487165,115.4978595077017,1449.0598482591483,14.59037685683388,PUMP-A01
2024-01-01 23:42:00,1.7905402876981709,2.015757756058662,64.16264593684383,4.027518156596002,119.43022380419733,1443.3682624936323,14.593108777386359,PUMP-A01
2024-01-01 23:48:00,1.7564660144567812,2.009979752139778,60.62624908329923,4.1786869172739864,117.0326875809766,1443.3775518067541,14.79002918909261,PUMP-A01
2024-01-01 23:54:00,1.9554000146513062,2.2007724095152614,66.1899569714428,4.153472485257471,116.48292663888691,1437.8960127221721,14.631763653770262,PUMP-A01
2024-01-02 00:00:00,2.028680623328465,2.0114162190474416,64.26352266288127,4.075918447012156,117.91377515622138,1459.788413412372,14.634137665073151,PUMP-A01
2024-01-02 00:06:00,2.26554696902066,1.9963420108241248,63.048520294080134,4.236241500504974,118.42599005748616,1450.7861766953179,14.66569982507221,PUMP-A01
2024-01-02 00:12:00,2.1178447696977765,2.15390333580429,64.14798233056896,4.164002369450828,117.4991586495277,1441.3719998042673,14.622850701059317,PUMP-A01
2024-01-02 00:18:00,2.2355997027381833,1.8982358475415888,61.131996148346516,4.113941123308382,119.95997168669082,1458.08547749602,14.665801469379224,PUMP-A01
2024-01-02 00:24:00,2.8142433621478102,2.105302331514762,64.98225815819788,4.155634207548764,117.88541635330277,1444.3955119020563,14.629700626830267,PUMP-A01
2024-01-02 00:30:00,2.302137641051341,2.0376766188815614,62.683899505370306,4.28570436311437,120.732926833524,1435.9349937298778,14.748014475880655,PUMP-A01
2024-01-02 00:36:00,2.292284058529347,1.9664922588092888,62.8248687623196,4.2482349555004175,119.32988140142724,1460.2122228921912,14.772715305939485,PUMP-A01
2024-01-02 00:42:00,2.658824569847017,2.127042653031639,62.35427162789152,4.189597915080121,117.36741063690758,1444.6290301043389,14.779633077944608,PUMP-A01
2024-01-02 00:48:00,2.7176927689510313,1.8091956613904934,62.18124954833897,4.249528401477188,117.02563526239555,1445.911009097912,14.669288861748816,PUMP-A01
2024-01-02 00:54:00,1.9869631538979675,2.075524684478361,64.05439772735313,4.107127043489061,115.45751241192517,1450.4118002034918,14.632644567239348,PUMP-A01
2024-01-02 01:00:00,1.9820645082600263,1.744659322077158,63.35611479728829,4.202589608058163,119.3289613457136,1461.4258922279012,14.711572017637552,PUMP-A01
2024-01-02 01:06:00,1.969300639076106,1.5628974717777122,63.90944103102447,4.211785786438917,118.03330987543717,1450.2003729086632,14.751497077388771,PUMP-A01
2024-01-02 01:12:00,2.076017106062019,1.671940829545653,62.877896725805314,4.162413079320102,113.99308389377278,1438.0088287385477,14.668894672619913,PUMP-A01
2024-01-02 01:18:00,1.5951695429382213,1.48666521836228,63.61986815140173,4.2348366668765935,117.66103518432092,1455.4387700411219,14.709994306546678,PUMP-A01
2024-01-02 01:24:00,1.667957294866238,1.4844190614279698,62.18048884574475,4.137565323628444,116.92538685130974,1445.1501027573827,14.724918805216374,PUMP-A01
2024-01-02 01:30:00,1.8217443410656962,1.5891046691254977,66.11177124987195,4.24078565662209,121.87380007412088,1468.8792397152947,14.702918133015187,PUMP-A01
2024-01-02 01:36:00,1.809558421623159,1.5841569547052925,60.373411564014056,4.244148701722503,115.31187764595286,1449.9888027800212,14.723840066718793,PUMP-A01
2024-01-02 01:42:00,1.7620725609142145,1.4289016047876548,64.57457325307495,3.9666272095442348,115.8297232502313,1427.6496450210134,14.5625935997668,PUMP-A01
2024-01-02 01:48:00,1.9002402031640504,1.6186684514443783,64.69261913191444,4.29522445628081,120.92735411587071,1453.5736497215566,14.64951236410654,PUMP-A01
2024-01-02 01:54:00,1.8335558886908947,1.6463626352333303,61.319845301929284,3.95618939477178,121.41593112454717,1469.4459779226022,14.676480566381526,PUMP-A01
2024-01-02 02:00:00,2.1294580096475837,1.6975045545375425,65.89905863322826,4.150716077955511,117.20742891212788,1465.759202885454,14.500743379257107,PUMP-A01
2024-01-02 02:06:00,2.2442137002629416,1.6161402970166143,64.00519181051992,4.282027842740621,117.42821312392125,1468.3095428875656,14.756788752644104,PUMP-A01
2024-01-02 02:12:00,2.419885307664028,1.752483424149331,63.92522086371049,4.174617061979805,119.91984554260563,1439.8023981461854,14.683007352533474,PUMP-A01
2024-01-02 02:18:00,2.3746340757845084,1.406946691287127,62.46685376185233,4.082705121402437,114.02816513556829,1459.1215239597677,14.538740899509461,PUMP-A01
2024-01-02 02:24:00,2.5663608730864054,1.644216679005904,62.055045918965924,4.1125010350626665,114.95496734040772,1442.7800546026328,14.744907121772748,PUMP-A01
2024-01-02 02:30:00,2.6463532843268673,1.6322317277913234,62.02259754898057,4.2821524597056495,118.11087788767733,1452.2428939941692,14.715117089932164,PUMP-A01
2024-01-02 02:36:00,2.4778113859055764,1.806752969619246,62.87809771065339,4.046279637556109,121.76711580159693,1437.2704757126028,14.727489863039091,PUMP-A01
2024-01-02 02:42:00,2.432472819579816,1.7803141471292274,64.34944210742425,4.290319288076962,117.79086447296511,1443.5554423511728,14.617612738558558,PUMP-A01
2024-01-02 02:48:00,2.28540619071919,1.883652488177277,62.474769234213944,4.195591832076617,118.85918821272882,1443.2375330263637,14.756260752008497,PUMP-A01
2024-01-02 02:54:00,2.157731604335234,2.180471333116906,60.79054652355438,4.104608373564606,120.91988315434645,1458.9855528014261,14.62420827463971,PUMP-A01
2024-01-02 03:00:00,1.9240988843826463,1.9797638324306492,63.34904996761205,4.153350794215785,122.86106405573464,1458.0071912166966,14.671152745883678,PUMP-A01
2024-01-02 03:06:00,1.9610704852461862,2.088187074634532,63.4486208227327,4.118622052711869,117.48858762284166,1452.7681972933083,14.500192691109962,PUMP-A01
2024-01-02 03:12:00,1.7985862012203246,2.0405775493646123,63.00316180793928,4.269298016068682,118.60360110163134,1436.4957858194462,14.69346193440336,PUMP-A01
2024-01-02 03:18:00,2.054925011702819,2.0979053246365083,63.09349576072758,4.258594224781027,122.2763749717438,1446.8836056605028,14.715452737638381,PUMP-A01
2024-01-02 03:24:00,1.9400097556660898,2.099639082596055,61.52273177581949,4.0624671092899165,115.58285595863518,1442.5388351705728,14.670132809646638,PUMP-A01
2024-01-02 03:30:00,1.763857089443803,2.152181674920265,60.489323105729106,4.167712630518453,120.6774066300856,1458.6967575669448,14.648967645113085,PUMP-A01
2024-01-02 03:36:00,1.632217985663983,2.227072755868207,60.53401056134041,4.130945147012458,116.58060340421537,1461.7818485281718,14.742980942113512,PUMP-A01
2024-01-02 03:42:00,1.655234677712918,2.2635600197788803,59.336415320233485,4.30348079747675,118.8171691831041,1460.5638558603089,14.704411815149573,PUMP-A01
2024-01-02 03:48:00,2.1034990508066613,2.0722076883708467,62.09816291834456,4.091992070549886,118.12197633405717,1442.4478058058298,14.583422211916007,PUMP-A01
2024-01-02 03:54:00,2.0841865208697294,2.0666192554283795,61.57052166256209,4.328338328374802,116.68618120741519,1422.6046687771052,14.787722001423996,PUMP-A01
2024-01-02 04:00:00,2.242169578325626,1.8116235612361808,60.98849786860626,4.197336420838645,116.630990533461,1432.3303810186994,14.712180158258603,PUMP-A01
2024-01-02 04:06:00,2.0269401977780928,1.8877103849736352,57.167670268949045,4.1070452474895935,119.14501309724498,1464.2162697808221,14.796381678673727,PUMP-A01
2024-01-02 04:12:00,2.5276861974256444,1.9561239448146737,59.6825806301198,4.145818065279258,120.57825300502276,1445.9874506068018,14.79137839488066,PUMP-A01
2024-01-02 04:18:00,2.528316129840746,1.8906993844745492,63.187120163289784,4.135870492738524,118.32269192228031,1442.4927538173488,14.775672916843027,PUMP-A01
2024-01-02 04:24:00,2.3297765661785874,1.7561403411121213,60.461071348805135,4.09803052783876,118.71738062608367,1466.4266029343623,14.726611462367591,PUMP-A01
2024-01-02 04:30:00,2.422849536469359,1.7835416030575129,61.95090264333135,4.2075861487784305,119.71449242115925,1462.6515994548834,14.68282881054909,PUMP-A01
2024-01-02 04:36:00,2.4916934550955694,1.68686205345911,59.27585019379863,4.101766755944653,116.62389672251115,1450.244487219198,14.551651199104878,PUMP-A01
2024-01-02 04:42:00,2.3839568492378067,1.7289211442278811,63.47166304113597,4.025570703300945,120.04150926532284,1447.0659690893604,14.663005425227126,PUMP-A01
2024-01-02 04:48:00,2.2290792746090595,1.5841728976016491,61.04915791994997,4.169625882332146,120.19580042257641,1448.6789878718687,14.729612956718299,PUMP-A01
2024-01-02 04:54:00,2.137207351253667,1.4802427765522221,61.65172757071188,4.05577150428657,123.75935680591766,1452.2716279838746,14.65625714761167,PUMP-A01
2024-01-02 05:00:00,1.9895774486573157,1.5465590279621,64.65668207595745,4.139827130554599,117.79488580725759,1466.000472813196,14.760471738521698,PUMP-A01
2024-01-02 05:06:00,1.9320393157623412,1.1483658336364357,63.3939006822994,4.127271768911732,117.62592056500041,1454.2246742423722,14.53289676975751,PUMP-A01
2024-01-02 05:12:00,2.030415192555053,1.5504313682864515,60.610507870609254,4.130302714237935,120.07500589144409,1457.2602903303914,14.61428210441459,PUMP-A01
2024-01-02 05:18:00,1.3537595855505686,1.0816341015286763,60.13153433219733,4.360077048127213,120.17027246608079,1461.6927010907018,14.651789325578097,PUMP-A01
2024-01-02 05:24:00,1.6677993119934653,1.3375651975748477,60.48395285380889,4.204512925373566,117.456879801463,1438.3032399897559,14.629697588760733,PUMP-A01
2024-01-02 05:30:00,1.7333558416054613,1.6326218644927972,61.68792588908993,4.219629680719627,117.71571873431625,1457.5486189247404,14.532575964346465,PUMP-A01
2024-01-02 05:36:00,1.7934647399460217,1.6776233285817592,60.71595778286748,4.0578881362926165,119.59929574457234,1447.0543124533838,14.546058488213388,PUMP-A01
2024-01-02 05:42:00,1.7699536984866677,1.5291292522657054,60.231555505373876,4.147682949309046,116.85685556662688,1424.8390480422722,14.751285187856647,PUMP-A01
2024-01-02 05:48:00,1.665861073203166,1.6361421527873465,62.97573856533755,4.2172242103953215,117.68594605202608,1428.7183045801419,14.645315277760435,PUMP-A01
2024-01-02 05:54:00,2.0989660925976703,1.9418216764259513,60.55411901106509,4.11803768696696,118.6811895427529,1439.8188238848131,14.514616728025818,PUMP-A01
2024-01-02 06:00:00,2.4342034748800567,1.7758408587981955,64.1252118139238,4.272645027481439,120.48887135762047,1455.3122322859258,14.504947377693295,PUMP-A01
2024-01-02 06:06:00,2.062975251080688,2.158436030161111,60.762268492237915,4.103784273127918,117.28278673557678,1451.1379956534029,14.642042620598298,PUMP-A01
2024-01-02 06:12:00,2.521609476782786,1.941240689487001,63.25439584403465,4.177090709130786,114.80220502383445,1451.8436670717567,14.549313617777333,PUMP-A01
2024-01-02 06:18:00,2.4130371156245074,2.037589161813599,61.06260312024949,4.153115868801955,114.6487689928193,1469.509434826867,14.711537783799766,PUMP-A01
2024-01-02 06:24:00,2.4877907531402728,2.2230946396507285,61.92121770630424,4.213145652750553,115.95812777440337,1437.309103851402,14.738597038758325,PUMP-A01
2024-01-02 06:30:00,2.334713426998058,2.077090487842206,59.33996526083146,4.148760794251566,115.84560845137568,1449.7256664581628,14.568489012537132,PUMP-A01
2024-01-02 06:36:00,2.399550506847373,1.9640873765525924,59.096305136813335,4.1783285098343255,118.15771235049566,1453.044355228138,14.677653083464534,PUMP-A01
2024-01-02 06:42:00,2.5674272176312694,2.0840885824272553,61.016527190491786,4.181109592657761,116.08416354050019,1442.6372688346166,14.546333393045616,PUMP-A01
2024-01-02 06:48:00,2.3557478894366035,2.095297250273283,61.759789581210285,4.141248979408696,117.0514039080129,1450.2832674508295,14.591074795478317,PUMP-A01
2024-01-02 06:54:00,2.4075806181885944,1.9274613158728018,60.287308123199786,4.238807509479769,116.90373203765112,1434.0005066591566,14.76663864825443,PUMP-A01
2024-01-02 07:00:00,2.1990388191991297,2.0418319930979596,58.24727423707154,4.219071069986994,117.56587806587916,1464.0990621727503,14.663229427444692,PUMP-A01
2024-01-02 07:06:00,1.9706067912932785,1.9550771222874554,58.0863998025272,4.192910884379747,121.08689243058132,1443.1838544746956,14.76576660854326,PUMP-A01
2024-01-02 07:12:00,2.0678398081703526,2.1179880529757673,57.93599313144974,4.1655633333230435,119.76076892635602,1470.314001647785,14.567574341253852,PUMP-A01
2024-01-02 07:18:00,1.802473184932266,1.9667787681184963,57.375167247607514,4.2637235224416,118.46412255800692,1449.6752567608255,14.5990073029746,PUMP-A01
2024-01-02 07:24:00,1.8269083001606092,1.878465945660942,60.140728467783184,4.181133260494866,117.50480114625316,1460.2805356539918,14.641285641537046,PUMP-A01
2024-01-02 07:30:00,1.663354534632276,1.845437891435934,61.61396868213606,4.175464216973925,117.55537837412871,1449.4669713100884,14.644024022558362,PUMP-A01
2024-01-02 07:36:00,1.7614922271802205,1.8286633627898108,59.85618887933392,4.20837520239105,119.07232660723857,1449.6925616773947,14.79929439015511,PUMP-A01
2024-01-02 07:42:00,1.7248152818112887,1.8195482455040348,56.4356126021254,4.335726934637668,119.58016179399917,1444.15970666778,14.534333595691338,PUMP-A01
2024-01-02 07:48:00,2.0823757161559473,1.5711442214028553,59.490033672136796,4.092771503358303,116.59157861505331,1451.1912392936629,14.755589510680478,PUMP-A01
2024-01-02 07:54:00,1.8780218237502178,1.5155712441430056,59.481937964371426,4.2615885514444285,118.47476511844289,1453.1799869441404,14.759104611826562,PUMP-A01
2024-01-02 08:00:00,2.2973944621678677,1.7282461095284827,62.82012417733916,4.048546307100952,114.3335544498483,1442.1574149108483,14.665959589461336,PUMP-A01
2024-01-02 08:06:00,2.268852561341399,1.508593950023084,57.44044129236434,4.21738185265829,118.81521113547547,1448.7495558414012,14.603211150477746,PUMP-A01
2024-01-02 08:12:00,2.5711408875135913,1.3590477126560725,58.990191402447884,4.326006626208699,119.91107203101157,1443.8990113394289,14.65576783128649,PUMP-A01
2024-01-02 08:18:00,2.5770516239655255,1.5629569445275373,62.08508902065668,4.239093481957385,117.82162627329235,1472.9966406961485,14.58774031144197,PUMP-A01
2024-01-02 08:24:00,2.770671624098486,1.556259631735934,60.151427264000866,4.213650006283183,122.00980749929424,1449.1026923008837,14.739732234531981,PUMP-A01
2024-01-02 08:30:00,2.601272100830614,1.318572115368246,60.27163167802793,4.1551640424957546,116.60926659210185,1465.4523215169656,14.649483747613099,PUMP-A01
2024-01-02 08:36:00,2.2114405063776506,1.5419882956924642,59.54879860239798,4.2024837760390845,118.80161429754038,1448.043776691923,14.777752653663235,PUMP-A01
2024-01-02 08:42:00,2.3586680604855643,1.6250692022111215,59.82215969121975,4.179834974767732,118.29007395356189,1452.592876415349,14.686807403306814,PUMP-A01
2024-01-02 08:48:00,2.0879664838983016,1.613435662051716,60.4440486599316,4.137121871365491,118.15611809196689,1436.7863592835472,14.654295799934404,PUMP-A01
2024-01-02 08:54:00,2.064987618961885,1.684290600012912,58.01386739322674,4.176809950762011,118.12305907080413,1445.5292740813213,14.713320806193297,PUMP-A01
2024-01-02 09:00:00,2.2441765801238303,1.486696861865529,60.495724746334716,4.215870492850115,118.5609034467925,1452.1053467078925,14.65117988932907,PUMP-A01
2024-01-02 09:06:00,1.9959936685167199,1.746840109483335,57.069754824206385,4.1386226345175485,120.03760085366086,1465.8600383095986,14.771351905125835,PUMP-A01
2024-01-02 09:12:00,1.6980148702883002,1.7260107063939645,59.57252120302182,4.135497454345225,121.09214581924287,1452.2198277767627,14.555333788266053,PUMP-A01
2024-01-02 09:18:00,1.5824900770485455,1.7609400367839068,59.29888295436588,4.091180524992626,118.327162837645,1463.83720361193,14.792004605123772,PUMP-A01
2024-01-02 09:24:00,1.7070735979267915,1.9792199814135418,58.05723145370256,4.231258002087112,119.95728545095649,1456.4072911020291,14.743657165555357,PUMP-A01
2024-01-02 09:30:00,1.5263795295483613,2.105485935849693,58.898644990149386,4.243625860957365,116.91810939403959,1466.2740133946468,14.75822000855946,PUMP-A01
2024-01-02 09:36:00,1.653339277836464,2.1919654457998647,57.94997165131481,4.218532835538921,119.84854417198552,1449.4095778269495,14.64487234971132,PUMP-A01
2024-01-02 09:42:00,1.8799611433978962,2.176803400626753,57.227450935900414,4.277213639418293,116.787640198839,1473.902227106518,14.751160464801279,PUMP-A01
2024-01-02 09:48:00,2.111830045075963,2.0404536124011994,58.25591882578176,4.2070294109664585,120.48793309862917,1445.1460379708587,14.592032225073162,PUMP-A01
2024-01-02 09:54:00,2.151089356641658,2.121522776658619,57.08181784896452,4.231360874989261,122.7228849611993,1442.3353816580234,14.728584453569253,PUMP-A01
2024-01-02 10:00:00,1.8412767623101032,2.186859510814414,59.173583587239534,4.224306994051005,118.05242541042996,1437.8994715031097,14.542135047516707,PUMP-A01
2024-01-02 10:06:00,2.34746968269992,2.1145398675369274,56.915977324930694,4.192676798446543,113.90649618471785,1473.3102467155807,14.592115574788753,PUMP-A01
2024-01-02 10:12:00,2.409630565478855,2.110177855252122,59.660925709200065,4.1575342537496285,117.19042727980293,1458.194475726179,14.63371979900792,PUMP-A01
2024-01-02 10:18:00,2.5285524178059764,2.17735011853608,56.772737448683976,4.377132209263353,120.74531339483111,1446.6587926661969,14.596695915443027,PUMP-A01
2024-01-02 10:24:00,2.740528414603297,2.0454939580281715,57.64765564001037,4.163843921611719,119.38270668026291,1462.490226968735,14.616105134687254,PUMP-A01
2024-01-02 10:30:00,2.1811157540599995,1.9302170201806008,57.51248575576907,4.1467297831103656,118.7693702835224,1456.8769218511777,14.74603142343511,PUMP-A01
2024-01-02 10:36:00,2.35605358872315,1.9253741626455574,60.389559497834036,4.234720785876009,120.28386977804195,1469.6612747137558,14.57700276764265,PUMP-A01
2024-01-02 10:42:00,2.453594890006857,2.002331447681886,58.84988331528081,4.220148353223601,119.23042992458902,1434.5216716726009,14.723584351646371,PUMP-A01
2024-01-02 10:48:00,2.021920397968912,1.8732818755949745,57.98962189935205,4.087616676191174,120.69196340095438,1447.3463989168574,14.522113620733496,PUMP-A01
2024-01-02 10:54:00,2.359110895895317,1.8578147003120975,59.00824592655138,4.289814260365099,120.090350359306,1445.3747861605718,14.729721732254518,PUMP-A01
2024-01-02 11:00:00,2.889300615950527,1.8408615654665914,55.05249708561908,4.192464433971933,121.28989389144586,1430.2631732359139,14.737606972848932,PUMP-A01
2024-01-02 11:06:00,2.518673325460141,1.6603402439474675,58.10188345059306,4.111125512382743,118.95907513374438,1460.603272047797,14.620509632650744,PUMP-A01
2024-01-02 11:12:00,4.438751271437949,1.7443076217259599,61.11633740585119,4.29510272914831,120.0469917488797,1447.2960344419664,14.716743346950242,PUMP-A01
2024-01-02 11:18:00,2.49798371571559,1.6524641152077457,58.27225694888005,4.250054045727692,117.61720877968013,1457.3963120498656,14.77454152112353,PUMP-A01
2024-01-02 11:24:00,3.0300755751631323,1.4191349566401759,58.129471390647815,4.098836640644167,117.02353128269361,1473.5977193432961,14.740213892066357,PUMP-A01
2024-01-02 11:30:00,4.2275141944478065,1.7089746691107806,58.80385668348687,4.3421746272206185,121.63497816660949,1446.467563081724,14.617133953119088,PUMP-A01
2024-01-02 11:36:00,2.3086397881957152,1.4537876583826344,59.27933709778081,4.252703789469296,118.64884221837684,1445.7884701734285,14.64526405428402,PUMP-A01
2024-01-02 11:42:00,4.188405640809355,1.3034211140485659,54.894201545714886,4.199184310749996,119.82118397741614,1451.18664169724,14.733807263435741,PUMP-A01
2024-01-02 11:48:00,3.1856109781597577,1.3753807065764712,55.321596019050524,4.3272175044497425,118.45389285447408,1459.872473529834,14.587778376954738,PUMP-A01
2024-01-02 11:54:00,3.2743536558690067,1.3876561360413395,58.11542318922782,4.212743822706371,117.0283715037713,1444.3328697468985,14.741164822092662,PUMP-A01
2024-01-02 12:00:00,4.2857069163257595,1.5361459889074605,56.68279280279311,4.197753353991677,118.21835857073596,1443.6903840286786,14.598421342768283,PUMP-A01
2024-01-02 12:06:00,2.3811976651113254,1.5263339938804996,59.678492320017696,4.147175990718241,121.06337080106648,1460.5718927024136,14.74179717471566,PUMP-A01
2024-01-02 12:12:00,3.000109623463481,1.5566518053628753,57.193269494115505,4.246548035144566,119.29685289404983,1453.7863932383802,14.526040133005218,PUMP-A01
2024-01-02 12:18:00,2.5803361585393767,1.7165290585997965,54.7200459589565,4.238128237385919,114.75841640598998,1429.5527173699518,14.513319189073178,PUMP-A01
2024-01-02 12:24:00,2.8741719498878293,1.733656803297873,55.67587093876363,4.201174411191177,117.74586379225852,1437.7460820053088,14.799302634210946,PUMP-A01
2024-01-02 12:30:00,3.2183605014714156,1.7853146936146511,53.40967071662874,4.136801091690592,121.73593027078017,1465.0123586382722,14.760837136970407,PUMP-A01
2024-01-02 12:36:00,2.639529197341945,1.852956781178982,57.139536940942236,4.210394388333286,117.73873894163074,1454.0192828307881,14.76485425103986,PUMP-A01
2024-01-02 12:42:00,2.9533300041099313,1.9339675932641849,57.16494148885855,4.194416097139029,114.56036526182223,1442.3780406896276,14.785383984281985,PUMP-A01
2024-01-02 12:48:00,2.7084127322818103,1.6611959486663188,56.76787231812277,4.0933220545012645,121.9424103960956,1448.2959034276503,14.631494892824346,PUMP-A01
2024-01-02 12:54:00,2.9324899599166714,1.9204766672078386,58.98019422685848,4.082255011894065,119.516087624836,1450.1323667280167,14.586050666404045,PUMP-A01
2024-01-02 13:00:00,2.790374872937221,1.74680249337844,59.117229577248175,4.245212270304782,118.00626686754474,1457.3573336028016,14.53900749850537,PUMP-A01
2024-01-02 13:06:00,2.4163025977662267,2.049560145401954,57.02171046980956,3.9918489347958652,117.39844709296612,1436.417366051412,14.650362740061539,PUMP-A01
2024-01-02 13:12:00,3.0889746107889406,2.0727600000749553,54.03336924676014,4.216432842156901,120.30097640467365,1441.5905086132955,14.566014496142982,PUMP-A01
2024-01-02 13:18:00,3.267822282837159,2.217141747877586,58.11972632771086,4.161753355379695,117.04729572459772,1452.729557548634,14.780665257021797,PUMP-A01
2024-01-02 13:24:00,3.653617535033992,2.24218175370621,57.98552025183424,4.304659728550393,120.42276535404199,1449.0016541950456,14.501200948732833,PUMP-A01
2024-01-02 13:30:00,2.3358492728412834,2.1213281155691823,57.57552910845698,4.16052254326769,119.20563305641845,1455.7185918263672,14.542959021322936,PUMP-A01
2024-01-02 13:36:00,2.9188014102316444,2.02371797802875,58.54291323363096,4.252758737140152,118.60559631590456,1437.704926026404,14.573942755925028,PUMP-A01
2024-01-02 13:42:00,3.186582953584152,2.1186542420497165,55.2829974248499,4.168246892700977,118.40225205556096,1453.5712867627133,14.559687013477959,PUMP-A01
2024-01-02 13:48:00,2.2456310935213275,1.9644954517676563,60.00321677371761,4.209099852278892,117.75627635142135,1460.9158361937748,14.567733530973912,PUMP-A01
2024-01-02 13:54:00,2.6855159771369586,1.9869852799653802,55.511088386315755,4.258946922473604,120.19248264522814,1454.8681854714928,14.696814281518353,PUMP-A01
2024-01-02 14:00:00,3.351767941292831,2.0581390985389034,58.034516926432495,4.162995542694034,116.36550672056588,1451.391117397616,14.598253623493944,PUMP-A01
2024-01-02 14:06:00,2.8640312909704035,1.820548128756191,54.34042368220922,4.279724390759872,114.84733211106905,1449.0411639743402,14.684507314571013,PUMP-A01
2024-01-02 14:12:00,4.371251064506517,1.9287286331967217,55.437124989157965,4.120504169831482,119.31505259047432,1441.6514884722849,14.767077380093887,PUMP-A01
2024-01-02 14:18:00,3.8368840651267666,1.8567620377677296,59.06846980232437,4.223567427404671,119.3436389807836,1449.2800140756021,14.68076702965771,PUMP-A01
2024-01-02 14:24:00,2.4864606289591373,1.6051978582500972,56.36428380182285,4.2738111778230286,119.03663460963276,1462.5970585288042,14.708359837385915,PUMP-A01
2024-01-02 14:30:00,3.0853347241819087,1.7837926289492054,57.97755988368231,4.252802999343227,118.88659902380522,1448.8097149339987,14.609650989466408,PUMP-A01
2024-01-02 14:36:00,6.528963971953576,1.7026388460757609,57.03548104524505,4.353315590138833,117.42505150785396,1441.101960106516,14.547921540286813,PUMP-A01
2024-01-02 14:42:00,3.3934248016958324,1.5893719324160542,56.485316038739306,4.138924854615147,119.63608765326003,1445.0775291123462,14.596175218734972,PUMP-A01
2024-01-02 14:48:00,3.997615357194727,1.4519184299794716,58.65157113950269,4.089668059892113,117.96499597093981,1452.0085029727593,14.789284794611232,PUMP-A01
2024-01-02 14:54:00,4.88439038219952,1.4156755842657809,56.21419057383912,4.120453191320391,117.07687508277847,1446.2648600281916,14.686543415335942,PUMP-A01
2024-01-02 15:00:00,2.3677357161282298,1.4396460570312177,53.86179926387847,4.252835405323875,117.42230955985794,1454.8530328306315,14.583253335830204,PUMP-A01
2024-01-02 15:06:00,2.0120425175900434,1.565184165279631,55.2921219991569,4.2398338347415505,122.08236156188032,1455.2284376074904,14.63527458014863,PUMP-A01
2024-01-02 15:12:00,2.0198894697338265,1.3919726438784799,57.288197146263435,4.208180532771793,114.56611998019771,1458.8898318040465,14.750653911229298,PUMP-A01
2024-01-02 15:18:00,2.593592485294116,1.5761576904678287,57.01945590464709,4.11016343607143,119.03063833284008,1464.2355947226504,14.700533071211732,PUMP-A01
2024-01-02 15:24:00,2.510328612944622,1.4014828894145661,54.04074637323911,4.261349383466325,114.66783124896098,1459.9585872437235,14.66819585221875,PUMP-A01
2024-01-02 15:30:00,2.70649170293437,1.5617169017022714,55.270323784371136,4.102023617787957,117.80457540752239,1440.6576093585204,14.765548862990153,PUMP-A01
2024-01-02 15:36:00,3.458278159025596,1.6426785270327189,55.450125129402984,4.292715966590152,117.14877709381987,1440.9646555342372,14.701731871665038,PUMP-A01
2024-01-02 15:42:00,3.7033747357166322,1.972315547152037,55.74074155329526,4.42859507385119,113.84096545072842,1449.2422852354018,14.692818919237329,PUMP-A01
2024-01-02 15:48:00,3.3114511124811017,1.5673083752489578,54.19168694399946,4.229316091725725,118.78408720491562,1445.4882464276059,14.55693044116323,PUMP-A01
2024-01-02 15:54:00,5.40155924553066,1.965312044517382,55.279987990562034,4.246648650852619,117.24092587962362,1438.6167327303906,14.531916604903723,PUMP-A01
2024-01-02 16:00:00,6.510863605373569,1.8631383947186757,55.09699550858017,4.160571218488355,113.79757929884545,1445.58308205827,14.78954263511722,PUMP-A01
2024-01-02 16:06:00,3.9103305847421446,1.9493788246225028,57.31496024413615,4.055182934313055,119.67011814547635,1445.2548706638097,14.679657511030106,PUMP-A01
2024-01-02 16:12:00,4.867717851608193,1.9655627546156225,57.33947721129831,4.151782450957582,120.85598429986564,1443.281522602388,14.624705022743928,PUMP-A01
2024-01-02 16:18:00,3.0313618307164467,2.0506675459954473,55.87560341956383,4.1125683807121005,120.96121060844085,1446.84210513845,14.676706246273065,PUMP-A01
2024-01-02 16:24:00,2.7505415890280105,2.017780017079521,55.47517540655522,4.084239633886799,118.69386478511055,1461.7845085031834,14.518543588321515,PUMP-A01
2024-01-02 16:30:00,3.4572001383723014,2.241228388935019,56.242432814709915,4.337788795359652,118.06305816092177,1451.9923804124924,14.746638182171232,PUMP-A01
2024-01-02 16:36:00,5.527550691885581,2.032998687217389,54.77739326554549,4.221829001442062,120.62224510551904,1474.7180907605548,14.5649936606693,PUMP-A01
2024-01-02 16:42:00,2.669899926799781,2.2344408704282213,54.252118758512154,4.230375006449119,121.32568901436757,1451.7050818601965,14.741363801895384,PUMP-A01
2024-01-02 16:48:00,2.4719110823850645,2.0214267676743307,54.53255039923701,4.1752782107843,120.22304922939855,1447.0993422606275,14.660313532979083,PUMP-A01
2024-01-02 16:54:00,3.125988129900472,2.0810729694248606,54.961585133629974,4.186170313404525,116.06782659914761,1450.0413288265486,14.582971604097072,PUMP-A01
2024-01-02 17:00:00,2.4647333395466404,1.9389659151983312,54.13992710233445,4.2771640545791465,118.34858148999697,1452.5649197844355,14.50906298447262,PUMP-A01
2024-01-02 17:06:00,1.5974235234911942,2.0919846640420587,56.09997319671194,4.197413030504383,118.81991405210992,1454.3525395717106,14.744750006597982,PUMP-A01
2024-01-02 17:12:00,6.67427345882591,2.1721343210220723,56.92361939525331,4.2424555150419785,114.3166378056525,1470.7671132585901,14.552938042440791,PUMP-A01
2024-01-02 17:18:00,2.771738772015645,1.943705966654106,53.420979225148486,4.1843196561723985,118.86958304268845,1441.5467953502243,14.515541534691963,PUMP-A01
2024-01-02 17:24:00,2.0083986848058903,1.8781905458317574,55.81232205314444,4.172627768741436,122.47183535536558,1458.5904605817773,14.726763319247764,PUMP-A01
2024-01-02 17:30:00,2.340535770181033,1.7132695755981755,55.418151832179774,4.0874468667518515,119.20071401496831,1452.0775059761413,14.605012966711893,PUMP-A01
2024-01-02 17:36:00,1.9632942450875326,1.7630427758581475,56.234171988912856,4.04178007501063,120.86265782621017,1434.2890225742938,14.616800201677496,PUMP-A01
2024-01-02 17:42:00,3.013751432829338,1.5432926955362811,55.6767837658747,4.179075047914688,118.27665110354398,1457.7069878209477,14.574120276184216,PUMP-A01
2024-01-02 17:48:00,3.921820040419504,1.5710849731784864,53.490508059449546,4.204519735359459,117.75937497527885,1462.676235608039,14.75775354360907,PUMP-A01
2024-01-02 17:54:00,3.251376868053762,1.658292627349765,53.752472734889665,4.097109597063297,118.66334438336837,1441.4282359622257,14.58919885783196,PUMP-A01
2024-01-02 18:00:00,4.0003056079044566,1.7458159282798493,55.66577888787154,4.19724201079723,116.26413828719747,1449.9106613210804,14.563057770925306,PUMP-A01
2024-01-02 18:06:00,3.003937482494705,1.8886524999467353,57.140841334011284,4.204300205039241,115.96323118865747,1432.746457379923,14.592774917900847,PUMP-A01
2024-01-02 18:12:00,4.0708547781082105,1.4540066099863043,52.25285732326286,4.027519359515249,120.4183806574249,1437.4119354031566,14.56094487255022,PUMP-A01
2024-01-02 18:18:00,3.100403649800433,1.679284897111921,56.069641033078106,4.12679002724164,120.62544620877912,1460.4802957761726,14.595296566241561,PUMP-A01
2024-01-02 18:24:00,3.593278001456719,1.5293706863945016,57.31284363093453,4.232581111498837,115.89353887183131,1445.3358349399257,14.524880866860451,PUMP-A01
2024-01-02 18:30:00,4.739075631828372,1.485708060882761,55.27668021751852,4.230964698351659,119.80673909207366,1438.9119702506196,14.547559008735837,PUMP-A01
2024-01-02 18:36:00,7.824992585009104,1.5700394532560826,56.3097823619335,4.107706006688019,117.69181151171381,1452.2946036445842,14.625115865018845,PUMP-A01
2024-01-02 18:42:00,3.2533328418619925,1.549853832343774,54.40858794259985,4.212675844039979,118.54033859186664,1444.7758756856897,14.763840056676964,PUMP-A01
2024-01-02 18:48:00,6.167388442469562,1.589128339952989,55.26331070829859,4.281792578028838,118.77614870171581,1445.2917834222446,14.517187224016686,PUMP-A01
2024-01-02 18:54:00,2.3110023159832425,1.5683091633475565,52.990615761729536,4.262165836719272,119.83940233905425,1457.393260256749,14.563802412028009,PUMP-A01
2024-01-02 19:00:00,2.9271720630040585,1.4974620767052305,51.885556742805605,4.192377137038886,118.01112778649191,1438.3826664106566,14.77250370266248,PUMP-A01
2024-01-02 19:06:00,2.793186269168516,1.5327195104325828,56.79676770718462,4.162561894934057,120.66100535332932,1440.9463478731816,14.767004402247977,PUMP-A01
2024-01-02 19:12:00,2.802396368016119,1.8519813473849127,53.88613750040163,4.14965244125324,118.45449702220522,1451.5407999214888,14.703835249988783,PUMP-A01
2024-01-02 19:18:00,3.6668111636413094,1.7969646373337145,54.661814504367406,4.237425582632773,119.07902986758435,1459.694097907482,14.57214206622857,PUMP-A01
2024-01-02 19:24:00,2.4321892068275686,1.8141416524746252,53.24738662487237,4.215608317851431,116.15912611953071,1462.3816030148985,14.625943168316736,PUMP-A01
2024-01-02 19:30:00,6.665877016718458,1.939149543029992,53.194508348933596,4.250352320488176,122.1379593039748,1443.3493827963837,14.56336629833139,PUMP-A01
2024-01-02 19:36:00,2.6400874157227063,2.0810644279403454,55.0315901838272,4.210549905049692,118.75528110893498,1459.3737696691965,14.538576552737561,PUMP-A01
2024-01-02 19:42:00,3.446294673478232,2.0482560667846,54.18133742327299,4.265501116027796,119.23661609317517,1442.158577065296,14.613999518354168,PUMP-A01
2024-01-02 19:48:00,2.9310443096247507,1.9807656680186216,55.826490513088885,4.2075674026366165,114.58923960002181,1468.262093469068,14.672746481521106,PUMP-A01
2024-01-02 19:54:00,3.033585285307197,2.230297867720322,55.922648390693,4.262775097290535,116.1551971562466,1438.6622897458028,14.607979802639441,PUMP-A01
2024-01-02 20:00:00,2.87138189959272,2.2862248313862716,55.709899497952115,4.2696658216293315,120.2713585582022,1463.2847881079174,14.68324736513979,PUMP-A01
2024-01-02 20:06:00,2.4016929397737883,2.1590956354328417,55.57178952887945,4.135637869582015,118.36436339890986,1443.4351389318128,14.588876420613792,PUMP-A01
2024-01-02 20:12:00,7.183950957577433,2.208953495888712,57.56628449125481,4.055348476250341,113.95801167262671,1470.132464547946,14.603755158328237,PUMP-A01
2024-01-02 20:18:00,3.9240070910279146,2.223124438106704,53.58446733033198,4.323479428481164,119.85714098021214,1455.9132072885247,14.737202077493382,PUMP-A01
2024-01-02 20:24:00,5.760282801833559,2.181927932554839,55.09016482624406,4.2205326984569815,116.68798549349896,1439.8398347059178,14.763494419268158,PUMP-A01
2024-01-02 20:30:00,7.115590104941337,2.083473919993466,56.85879567399076,4.0628411283603105,120.59317505391775,1444.7776152045749,14.596610224459315,PUMP-A01
2024-01-02 20:36:00,4.4504025375924865,2.037588308682836,57.044250436640546,4.142894440222503,117.58985970491685,1457.8118120522374,14.671454740403583,PUMP-A01
2024-01-02 20:42:00,2.8708723667636886,1.9782540080618027,53.00296222675252,4.261749943389586,118.16993441412522,1460.5264441761556,14.58344868516768,PUMP-A01
2024-01-02 20:48:00,3.1639805899023297,1.7302002427051155,54.65572990317496,4.177625853509369,120.11342017922739,1449.2928440827554,14.516000392512229,PUMP-A01
2024-01-02 20:54:00,2.289699426508103,1.8897526411189127,57.15058960010799,4.15903508645447,115.95551506029469,1450.4465828096347,14.721357154408123,PUMP-A01
2024-01-02 21:00:00,4.812863064169202,1.5865517655253685,55.865162120369924,4.312070548825037,115.75979736629604,1457.5835303264407,14.551301044970845,PUMP-A01
2024-01-02 21:06:00,3.3377088352557474,1.5992861426585852,55.38606517227004,4.116217028289295,117.34748412112764,1451.3179842701081,14.627713757124075,PUMP-A01
2024-01-02 21:12:00,5.37325287403206,1.8002019496248947,54.75726339482873,4.136147731379613,119.38981654112621,1437.0649514066163,14.646113648013747,PUMP-A01
2024-01-02 21:18:00,4.94257703934926,1.6992931422080877,54.49920244557523,4.216910918003862,115.0687064166167,1441.8702597535982,14.555341475253732,PUMP-A01
2024-01-02 21:24:00,1.7598285846783694,1.7388150738345585,55.49884030937219,4.231236394564311,114.38938170202542,1452.3511994315168,14.528366605199018,PUMP-A01
2024-01-02 21:30:00,3.8581316714194953,1.4981113979799474,54.68005373187541,4.2397074427472585,119.36788273585111,1462.1548241649768,14.604403904401321,PUMP-A01
2024-01-02 21:36:00,2.106745172532556,1.3724053177303046,54.9873463092576,4.272899043565516,116.50947423658944,1466.1598242416205,14.785685772265095,PUMP-A01
2024-01-02 21:42:00,1.8212765567060005,1.4720760446432966,55.162208481356465,4.215886289654522,116.92596881584281,1457.7952942077145,14.684540676996527,PUMP-A01
2024-01-02 21:48:00,3.3803425585796596,1.5140627303302698,54.02079686383671,4.239150715115073,113.99179001776295,1452.8729076103637,14.614423068520871,PUMP-A01
2024-01-02 21:54:00,2.816410816105587,1.522793552354268,55.83019014801695,4.179263259254793,116.34244217289924,1457.4881388598249,14.511673246232265,PUMP-A01
2024-01-02 22:00:00,4.151984260012309,1.6710490827894526,59.39795377983289,4.205015864258938,117.68025618830082,1443.3324914979314,14.680081984417324,PUMP-A01
2024-01-02 22:06:00,6.1272540765072065,1.5227725382495527,52.356196900726395,4.208602734404291,119.55113647676883,1448.4676903974178,14.527677292280611,PUMP-A01
2024-01-02 22:12:00,2.839835587592512,1.6478049699996025,55.50328552395752,4.217207850865523,116.1429104090137,1441.7586927866053,14.662763221314258,PUMP-A01
2024-01-02 22:18:00,3.275090150737782,1.5332770770924617,53.87307175093039,4.261803184606621,120.99511296190788,1437.5125738929228,14.725585152481523,PUMP-A01
2024-01-02 22:24:00,2.336047003390183,1.7575689742239085,55.87605155710372,4.244411654555587,116.30623865304321,1453.335490116362,14.627075604488436,PUMP-A01
2024-01-02 22:30:00,2.691565263803252,1.7589536288455208,55.07687571084685,4.203537360232015,116.30415707819238,1451.8551330658474,14.589823448444957,PUMP-A01
2024-01-02 22:36:00,3.7299768560089532,1.725125876343368,56.1474147669964,4.135269921204717,120.74004576511825,1456.8765248450902,14.51421527014528,PUMP-A01
2024-01-02 22:42:00,2.647169111138435,1.8427896391451817,56.7659871124741,4.205413700645017,118.0832409460104,1455.4611183089244,14.507433362548479,PUMP-A01
2024-01-02 22:48:00,3.654457656115322,1.9024453159431323,55.289955294140654,4.197758577208341,116.55126116321932,1452.4264427132387,14.629007970893657,PUMP-A01
2024-01-02 22:54:00,3.154418958243884,1.9411552655083377,56.6985002888113,4.215454526385056,117.34003433884122,1455.5661666567755,14.765003581210891,PUMP-A01
2024-01-02 23:00:00,2.1522874019826217,2.22898876796606,51.48357521367006,4.376522024571233,120.35143773624645,1449.5731690377252,14.573218833637958,PUMP-A01
2024-01-02 23:06:00,4.929724850641451,2.0397705040924503,57.38580269899175,4.158098177716702,120.5726862003736,1454.128913952224,14.672216651734546,PUMP-A01
2024-01-02 23:12:00,3.4797198202524044,2.048524556301252,55.56332166706182,4.233783121530029,116.00168418254165,1442.7385559731365,14.705291745903928,PUMP-A01
2024-01-02 23:18:00,4.62569295083054,1.8424257518399207,56.618599588626985,4.285476965379544,117.54539290088387,1453.6970592563914,14.518248960250409,PUMP-A01
2024-01-02 23:24:00,1.9923764237170953,1.9926817404397617,53.17362887115873,4.207840153127951,117.80556415633714,1456.68417685286,14.545930112741013,PUMP-A01
2024-01-02 23:30:00,3.350702033815705,2.0636148822553766,53.75939725561362,4.3870276095337735,115.64776025992873,1443.303185719278,14.59938303802587,PUMP-A01
2024-01-02 23:36:00,2.436968944083621,1.9975795839234123,55.22707055322462,4.169756856661482,117.50386035562187,1450.5183209899285,14.701027952244571,PUMP-A01
2024-01-02 23:42:00,5.3436613041139776,2.2204304113261406,54.98571849422358,4.225927137785604,117.62086616178516,1443.7639749037064,14.631710533668429,PUMP-A01
2024-01-02 23:48:00,2.769730978323301,2.0005202450185675,55.43949129623592,4.1360955404085615,119.88562937871515,1444.7349330348388,14.720258520465473,PUMP-A01
2024-01-02 23:54:00,3.641457432957847,2.1327774564044457,56.64577474862073,4.171878021188537,120.015050457424,1438.7507064489785,14.760279359671959,PUMP-A01
2024-01-03 00:00:00,2.6434950388371985,1.9370832704457421,52.37578522128381,4.2199147128317325,116.93677158404351,1462.6577492516656,14.727511682979562,PUMP-A01
2024-01-03 00:06:00,3.318478652069583,1.881048313313352,56.489457619617966,4.267704324984619,117.16227407299982,1460.6568517472006,14.797674162193974,PUMP-A01
2024-01-03 00:12:00,4.107318355683673,1.8101038867118036,55.04676431219545,4.225527586721886,118.91375494479263,1455.3743385422733,14.726308320619495,PUMP-A01
2024-01-03 00:18:00,3.841854065977272,1.7646551421617502,54.73477964471041,4.300729187946779,116.40978342278726,1469.721959519438,14.755653758502236,PUMP-A01
2024-01-03 00:24:00,2.5082703681228056,1.9151684442794477,52.840388514335146,4.192402775152586,118.75243060407601,1448.107543034316,14.7497099075395,PUMP-A01
2024-01-03 00:30:00,2.4989526912344946,1.3785129170000818,55.808740574830686,4.17342651761288,117.39432730582269,1480.3176241511064,14.719079728684013,PUMP-A01
2024-01-03 00:36:00,3.043446301847652,1.3697247440910256,51.440608565443696,4.416318808582351,115.6263331050438,1447.724705846368,14.740540544996767,PUMP-A01
2024-01-03 00:42:00,4.210117171992389,1.5045347244198517,56.04245992862431,4.231539011955363,115.64644681472166,1452.5519335175602,14.780404968360223,PUMP-A01
2024-01-03 00:48:00,3.2192590560284646,1.5394541463069435,52.840303715284506,4.142441476321716,120.44922761250308,1446.0222208605978,14.642562213557888,PUMP-A01
2024-01-03 00:54:00,2.442990285933533,1.597847801245112,55.16773701830352,4.1444588990201545,117.23725724211421,1453.7232556006031,14.691486107173763,PUMP-A01
2024-01-03 01:00:00,4.089280271898643,1.5592656025157356,54.91837778601783,4.124585606837493,120.82579836815734,1458.3561492788624,14.654481916471832,PUMP-A01
2024-01-03 01:06:00,5.968762579218801,1.4544269137820052,56.86151140540693,4.274925548468543,116.51280763889082,1448.860836069469,14.755311096157621,PUMP-A01
2024-01-03 01:12:00,2.2270267433657445,1.6315140332192721,54.8497858118785,4.170849816568541,118.11748054254355,1467.7671984711762,14.629407880861452,PUMP-A01
2024-01-03 01:18:00,2.5686475606589334,1.6518865240586207,54.087615282423215,4.210188998052519,122.31541356627696,1452.3914928463346,14.74591803134342,PUMP-A01
2024-01-03 01:24:00,2.3608677581727378,1.5790492237093143,54.38046270685472,4.194919306044938,115.41027661087385,1452.704853861102,14.739806372517142,PUMP-A01
2024-01-03 01:30:00,2.276367472000754,1.70982457296207,57.06172243955647,4.258519392635275,113.72441108036077,1440.910023054863,14.788565830410578,PUMP-A01
2024-01-03 01:36:00,2.0117110770900584,1.6716824485868316,55.969361976781336,4.132260472569278,120.0882103226947,1454.184990745504,14.574676209777225,PUMP-A01
2024-01-03 01:42:00,2.2431786178144826,1.6219739705675833,54.59947523144786,4.113954217108559,115.85640182929401,1448.6597277919063,14.712885852965774,PUMP-A01
2024-01-03 01:48:00,1.9207127914501867,1.8274123136134268,54.83673839307126,4.217943784574528,117.46359729182761,1443.9176027066271,14.727075849294247,PUMP-A01
2024-01-03 01:54:00,1.947533417894846,1.813273574709438,52.85461299080614,4.248076742775992,116.32816357909682,1442.2352559185163,14.7808835478414,PUMP-A01
